chain1_file,chain2_file,len_chain1,len_chain2,aligned_length,rmsd,seq_id,tm_score_chain1_norm,residues_common,Maxsub,GDT_TS,GDT_TA,unified_dataset,unified_target,unified_id
/content/drive/MyDrive/DIAFOLD/benchmark/CASP/T1024-D1.pdb,/content/drive/MyDrive/DIAFOLD/hh/part_0027_unrelaxed_rank_001_alphafold2_ptm_model_1_seed_000.pdb,193,408,193,0.76,1.0,0.97948,193,0.4531,0.4547,0.3952,CASP-domain,T1024-D1,CASP:T1024
/content/drive/MyDrive/DIAFOLD/benchmark/CASP/T1024-D12.pdb,/content/drive/MyDrive/DIAFOLD/hh/part_0027_unrelaxed_rank_001_alphafold2_ptm_model_1_seed_000.pdb,391,408,391,1.48,0.985,0.96144,391,0.8285,0.8045,0.6256,CASP-domain,T1024-D12,CASP:T1024
/content/drive/MyDrive/DIAFOLD/benchmark/CASP/T1024-D2.pdb,/content/drive/MyDrive/DIAFOLD/hh/part_0027_unrelaxed_rank_001_alphafold2_ptm_model_1_seed_000.pdb,198,408,198,0.82,1.0,0.9768,198,0.4616,0.462,0.3977,CASP-domain,T1024-D2,CASP:T1024
/content/drive/MyDrive/DIAFOLD/benchmark/CASP/T1024.pdb,/content/drive/MyDrive/DIAFOLD/hh/part_0027_unrelaxed_rank_001_alphafold2_ptm_model_1_seed_000.pdb,391,408,391,1.48,0.985,0.96144,391,0.8285,0.8045,0.6256,CASP,T1024,CASP:T1024
/content/drive/MyDrive/DIAFOLD/benchmark/CASP/T1025.pdb,/content/drive/MyDrive/DIAFOLD/hh/part_0048_unrelaxed_rank_001_alphafold2_ptm_model_1_seed_000.pdb,257,268,256,1.56,0.949,0.94787,257,0.8196,0.8498,0.7416,CASP,T1025,CASP:T1025
/content/drive/MyDrive/DIAFOLD/benchmark/CASP/T1026.pdb,/content/drive/MyDrive/DIAFOLD/hh/part_0050_unrelaxed_rank_001_alphafold2_ptm_model_1_seed_000.pdb,146,172,98,5.35,0.418,0.36067,146,0.1097,0.186,0.0974,CASP,T1026,CASP:T1026
/content/drive/MyDrive/DIAFOLD/benchmark/CASP/T1027.pdb,/content/drive/MyDrive/DIAFOLD/hh/part_0037_unrelaxed_rank_001_alphafold2_ptm_model_1_seed_000.pdb,168,168,118,4.02,0.763,0.50023,168,0.3273,0.375,0.2396,CASP,T1027,CASP:T1027
/content/drive/MyDrive/DIAFOLD/benchmark/CASP/T1029.pdb,/content/drive/MyDrive/DIAFOLD/hh/part_0030_unrelaxed_rank_001_alphafold2_ptm_model_1_seed_000.pdb,125,125,107,4.12,0.654,0.53497,125,0.2916,0.438,0.258,CASP,T1029,CASP:T1029
/content/drive/MyDrive/DIAFOLD/benchmark/CASP/T1030-D1.pdb,/content/drive/MyDrive/DIAFOLD/hh/part_0041_unrelaxed_rank_001_alphafold2_ptm_model_1_seed_000.pdb,154,273,153,2.31,0.922,0.85488,154,0.4253,0.4579,0.3617,CASP-domain,T1030-D1,CASP:T1030
/content/drive/MyDrive/DIAFOLD/benchmark/CASP/T1030-D12.pdb,/content/drive/MyDrive/DIAFOLD/hh/part_0041_unrelaxed_rank_001_alphafold2_ptm_model_1_seed_000.pdb,273,273,222,4.06,0.838,0.62943,273,0.4253,0.5238,0.3883,CASP-domain,T1030-D12,CASP:T1030
/content/drive/MyDrive/DIAFOLD/benchmark/CASP/T1030-D2.pdb,/content/drive/MyDrive/DIAFOLD/hh/part_0041_unrelaxed_rank_001_alphafold2_ptm_model_1_seed_000.pdb,119,273,101,3.93,0.069,0.52836,119,0.1557,0.1731,0.1355,CASP-domain,T1030-D2,CASP:T1030
/content/drive/MyDrive/DIAFOLD/benchmark/CASP/T1030.pdb,/content/drive/MyDrive/DIAFOLD/hh/part_0041_unrelaxed_rank_001_alphafold2_ptm_model_1_seed_000.pdb,273,273,222,4.06,0.838,0.62943,273,0.4253,0.5238,0.3883,CASP,T1030,CASP:T1030
/content/drive/MyDrive/DIAFOLD/benchmark/CASP/T1031.pdb,/content/drive/MyDrive/DIAFOLD/hh/part_0009_unrelaxed_rank_001_alphafold2_ptm_model_1_seed_000.pdb,95,95,46,3.22,0.63,0.34729,95,0.2594,0.3053,0.2263,CASP,T1031,CASP:T1031
/content/drive/MyDrive/DIAFOLD/benchmark/CASP/T1033.pdb,/content/drive/MyDrive/DIAFOLD/hh/part_0029_unrelaxed_rank_001_alphafold2_ptm_model_1_seed_000.pdb,100,100,63,4.27,0.048,0.374,100,0.2094,0.275,0.215,CASP,T1033,CASP:T1033
/content/drive/MyDrive/DIAFOLD/benchmark/CASP/T1035.pdb,/content/drive/MyDrive/DIAFOLD/hh/part_0016_unrelaxed_rank_001_alphafold2_ptm_model_1_seed_000.pdb,102,102,60,4.07,0.067,0.36643,102,0.2414,0.2819,0.2108,CASP,T1035,CASP:T1035
/content/drive/MyDrive/DIAFOLD/benchmark/CASP/T1036s1.pdb,/content/drive/MyDrive/DIAFOLD/hh/part_0031_unrelaxed_rank_001_alphafold2_ptm_model_1_seed_000.pdb,583,622,356,3.05,0.904,0.56796,583,0.4399,0.4417,0.3517,CASP,T1036s1,CASP:T1036s1
/content/drive/MyDrive/DIAFOLD/benchmark/CASP/T1037.pdb,/content/drive/MyDrive/DIAFOLD/hh/part_0032_unrelaxed_rank_001_alphafold2_ptm_model_1_seed_000.pdb,404,404,236,5.99,0.492,0.41243,404,0.1911,0.2376,0.1491,CASP,T1037,CASP:T1037
/content/drive/MyDrive/DIAFOLD/benchmark/CASP/T1039.pdb,/content/drive/MyDrive/DIAFOLD/hh/part_0024_unrelaxed_rank_001_alphafold2_ptm_model_1_seed_000.pdb,161,161,77,5.04,0.078,0.28787,161,0.1479,0.2252,0.1646,CASP,T1039,CASP:T1039
/content/drive/MyDrive/DIAFOLD/benchmark/CASP/T1040.pdb,/content/drive/MyDrive/DIAFOLD/hh/part_0044_unrelaxed_rank_001_alphafold2_ptm_model_1_seed_000.pdb,130,130,72,3.53,0.736,0.42659,130,0.3496,0.3827,0.2865,CASP,T1040,CASP:T1040
/content/drive/MyDrive/DIAFOLD/benchmark/CASP/T1041.pdb,/content/drive/MyDrive/DIAFOLD/hh/part_0026_unrelaxed_rank_001_alphafold2_ptm_model_1_seed_000.pdb,242,242,214,3.13,0.85,0.74152,242,0.5786,0.6126,0.4452,CASP,T1041,CASP:T1041
/content/drive/MyDrive/DIAFOLD/benchmark/CASP/T1042.pdb,/content/drive/MyDrive/DIAFOLD/hh/part_0017_unrelaxed_rank_001_alphafold2_ptm_model_1_seed_000.pdb,276,289,122,6.32,0.074,0.26146,276,0.0864,0.1176,0.0787,CASP,T1042,CASP:T1042
/content/drive/MyDrive/DIAFOLD/benchmark/CASP/T1043.pdb,/content/drive/MyDrive/DIAFOLD/hh/part_0035_unrelaxed_rank_001_alphafold2_ptm_model_1_seed_000.pdb,148,148,87,5.55,0.057,0.29163,148,0.1035,0.1571,0.098,CASP,T1043,CASP:T1043
/content/drive/MyDrive/DIAFOLD/benchmark/CASP/T1044.pdb,/content/drive/MyDrive/DIAFOLD/hh/part_0019_unrelaxed_rank_001_alphafold2_ptm_model_1_seed_000.pdb,2166,2180,889,8.41,0.649,0.32474,2166,0.1013,0.1364,0.0795,CASP,T1044,CASP:T1044
/content/drive/MyDrive/DIAFOLD/benchmark/CASP/T1046s1.pdb,/content/drive/MyDrive/DIAFOLD/hh/part_0045_unrelaxed_rank_001_alphafold2_ptm_model_1_seed_000.pdb,72,74,72,1.17,1.0,0.9572,72,0.9314,0.9527,0.902,CASP,T1046s1,CASP:T1046s1
/content/drive/MyDrive/DIAFOLD/benchmark/CASP/T1046s2.pdb,/content/drive/MyDrive/DIAFOLD/hh/part_0042_unrelaxed_rank_001_alphafold2_ptm_model_1_seed_000.pdb,141,142,141,0.7,1.0,0.97734,141,0.959,0.9718,0.8785,CASP,T1046s2,CASP:T1046s2
/content/drive/MyDrive/DIAFOLD/benchmark/CASP/T1049.pdb,/content/drive/MyDrive/DIAFOLD/hh/part_0049_unrelaxed_rank_001_alphafold2_ptm_model_1_seed_000.pdb,134,141,129,1.51,0.961,0.898,134,0.8062,0.8333,0.7074,CASP,T1049,CASP:T1049
/content/drive/MyDrive/DIAFOLD/benchmark/CASP/T1056.pdb,/content/drive/MyDrive/DIAFOLD/hh/part_0020_unrelaxed_rank_001_alphafold2_ptm_model_1_seed_000.pdb,169,186,169,1.19,1.0,0.95325,169,0.8285,0.8333,0.7325,CASP,T1056,CASP:T1056
/content/drive/MyDrive/DIAFOLD/benchmark/CASP/T1064.pdb,/content/drive/MyDrive/DIAFOLD/hh/part_0036_unrelaxed_rank_001_alphafold2_ptm_model_1_seed_000.pdb,102,106,63,4.86,0.254,0.3006,102,0.1363,0.2075,0.1179,CASP,T1064,CASP:T1064
/content/drive/MyDrive/DIAFOLD/benchmark/CASP/T1067.pdb,/content/drive/MyDrive/DIAFOLD/hh/part_0015_unrelaxed_rank_001_alphafold2_ptm_model_1_seed_000.pdb,221,264,204,1.81,0.946,0.86825,221,0.6661,0.6875,0.5814,CASP,T1067,CASP:T1067
/content/drive/MyDrive/DIAFOLD/benchmark/CASP/T1074.pdb,/content/drive/MyDrive/DIAFOLD/hh/part_0028_unrelaxed_rank_001_alphafold2_ptm_model_1_seed_000.pdb,132,202,132,1.6,1.0,0.92831,132,0.5832,0.5941,0.5223,CASP,T1074,CASP:T1074
/content/drive/MyDrive/DIAFOLD/benchmark/CASP/T1079.pdb,/content/drive/MyDrive/DIAFOLD/hh/part_0012_unrelaxed_rank_001_alphafold2_ptm_model_1_seed_000.pdb,482,505,482,1.14,1.0,0.98019,482,0.8741,0.8614,0.6965,CASP,T1079,CASP:T1079
/content/drive/MyDrive/DIAFOLD/benchmark/CASP/T1082.pdb,/content/drive/MyDrive/DIAFOLD/hh/part_0003_unrelaxed_rank_001_alphafold2_ptm_model_1_seed_000.pdb,75,97,73,1.87,0.904,0.81267,75,0.6053,0.6289,0.5026,CASP,T1082,CASP:T1082
/content/drive/MyDrive/DIAFOLD/benchmark/CASP/T1090.pdb,/content/drive/MyDrive/DIAFOLD/hh/part_0046_unrelaxed_rank_001_alphafold2_ptm_model_1_seed_000.pdb,189,193,176,2.06,0.966,0.85354,189,0.7614,0.7902,0.6567,CASP,T1090,CASP:T1090
/content/drive/MyDrive/DIAFOLD/benchmark/CASP/T1099.pdb,/content/drive/MyDrive/DIAFOLD/hh/part_0005_unrelaxed_rank_001_alphafold2_ptm_model_1_seed_000.pdb,188,262,147,4.02,0.782,0.58832,188,0.3362,0.3798,0.2691,CASP,T1099,CASP:T1099
/content/drive/MyDrive/DIAFOLD/benchmark/CASP/T1104-D1.pdb,/content/drive/MyDrive/DIAFOLD/hh/part_0004_unrelaxed_rank_001_alphafold2_ptm_model_1_seed_000.pdb,117,117,116,1.51,0.974,0.91024,117,0.8664,0.8868,0.7222,CASP-domain,T1104-D1,CASP:T1104
/content/drive/MyDrive/DIAFOLD/benchmark/CASP/T1106s1-D1.pdb,/content/drive/MyDrive/DIAFOLD/hh/part_0043_unrelaxed_rank_001_alphafold2_ptm_model_1_seed_000.pdb,71,122,63,2.5,0.857,0.68106,71,0.3918,0.4242,0.3176,CASP-domain,T1106s1-D1,CASP:T1106s1
/content/drive/MyDrive/DIAFOLD/benchmark/CASP/T1106s2-D1.pdb,/content/drive/MyDrive/DIAFOLD/hh/part_0051_unrelaxed_rank_001_alphafold2_ptm_model_1_seed_000.pdb,111,114,110,1.17,0.973,0.94125,111,0.8994,0.9189,0.7851,CASP-domain,T1106s2-D1,CASP:T1106s2
/content/drive/MyDrive/DIAFOLD/benchmark/CASP/T1120-D1.pdb,/content/drive/MyDrive/DIAFOLD/hh/part_0010_unrelaxed_rank_001_alphafold2_ptm_model_1_seed_000.pdb,118,235,116,2.34,0.957,0.80657,118,0.3643,0.3936,0.3032,CASP-domain,T1120-D1,CASP:T1120
/content/drive/MyDrive/DIAFOLD/benchmark/CASP/T1120-D2.pdb,/content/drive/MyDrive/DIAFOLD/hh/part_0010_unrelaxed_rank_001_alphafold2_ptm_model_1_seed_000.pdb,110,235,106,1.49,0.972,0.88976,110,0.4041,0.416,0.3628,CASP-domain,T1120-D2,CASP:T1120
/content/drive/MyDrive/DIAFOLD/benchmark/CASP/T1129s2-D1.pdb,/content/drive/MyDrive/DIAFOLD/hh/part_0033_unrelaxed_rank_001_alphafold2_ptm_model_1_seed_000.pdb,563,640,455,4.8,0.778,0.67299,563,0.3807,0.4102,0.2953,CASP-domain,T1129s2-D1,CASP:T1129s2
/content/drive/MyDrive/DIAFOLD/benchmark/CASP/T1133-D1.pdb,/content/drive/MyDrive/DIAFOLD/hh/part_0047_unrelaxed_rank_001_alphafold2_ptm_model_1_seed_000.pdb,409,585,409,1.21,1.0,0.9774,409,0.6427,0.6543,0.5368,CASP-domain,T1133-D1,CASP:T1133
/content/drive/MyDrive/DIAFOLD/benchmark/CASP/T1137s1-D1.pdb,/content/drive/MyDrive/DIAFOLD/hh/part_0039_unrelaxed_rank_001_alphafold2_ptm_model_1_seed_000.pdb,150,409,149,2.5,0.913,0.84861,150,0.2751,0.2977,0.239,CASP-domain,T1137s1-D1,CASP:T1137s1
/content/drive/MyDrive/DIAFOLD/benchmark/CASP/T1137s1-D2.pdb,/content/drive/MyDrive/DIAFOLD/hh/part_0039_unrelaxed_rank_001_alphafold2_ptm_model_1_seed_000.pdb,240,409,142,4.16,0.901,0.42062,240,0.1344,0.1999,0.1271,CASP-domain,T1137s1-D2,CASP:T1137s1
/content/drive/MyDrive/DIAFOLD/benchmark/CASP/T1137s2-D1.pdb,/content/drive/MyDrive/DIAFOLD/hh/part_0013_unrelaxed_rank_001_alphafold2_ptm_model_1_seed_000.pdb,149,343,148,1.77,1.0,0.89938,149,0.3667,0.3761,0.3112,CASP-domain,T1137s2-D1,CASP:T1137s2
/content/drive/MyDrive/DIAFOLD/benchmark/CASP/T1137s2-D2.pdb,/content/drive/MyDrive/DIAFOLD/hh/part_0013_unrelaxed_rank_001_alphafold2_ptm_model_1_seed_000.pdb,194,343,104,4.6,0.058,0.35989,194,0.1282,0.156,0.1057,CASP-domain,T1137s2-D2,CASP:T1137s2
/content/drive/MyDrive/DIAFOLD/benchmark/CASP/T1137s3-D1.pdb,/content/drive/MyDrive/DIAFOLD/hh/part_0023_unrelaxed_rank_001_alphafold2_ptm_model_1_seed_000.pdb,149,524,136,2.94,0.809,0.74166,149,0.1828,0.2109,0.1813,CASP-domain,T1137s3-D1,CASP:T1137s3
/content/drive/MyDrive/DIAFOLD/benchmark/CASP/T1137s3-D2.pdb,/content/drive/MyDrive/DIAFOLD/hh/part_0023_unrelaxed_rank_001_alphafold2_ptm_model_1_seed_000.pdb,164,524,70,4.34,0.1,0.29862,164,0.064,0.0744,0.0539,CASP-domain,T1137s3-D2,CASP:T1137s3
/content/drive/MyDrive/DIAFOLD/benchmark/CASP/T1137s4-D1.pdb,/content/drive/MyDrive/DIAFOLD/hh/part_0007_unrelaxed_rank_001_alphafold2_ptm_model_1_seed_000.pdb,116,547,116,1.03,1.0,0.94842,116,0.198,0.2006,0.1824,CASP-domain,T1137s4-D1,CASP:T1137s4
/content/drive/MyDrive/DIAFOLD/benchmark/CASP/T1137s4-D2.pdb,/content/drive/MyDrive/DIAFOLD/hh/part_0007_unrelaxed_rank_001_alphafold2_ptm_model_1_seed_000.pdb,235,547,151,5.48,0.344,0.4079,235,0.0916,0.1024,0.0704,CASP-domain,T1137s4-D2,CASP:T1137s4
/content/drive/MyDrive/DIAFOLD/benchmark/CASP/T1137s4-D3.pdb,/content/drive/MyDrive/DIAFOLD/hh/part_0007_unrelaxed_rank_001_alphafold2_ptm_model_1_seed_000.pdb,74,547,42,4.09,0.024,0.30474,74,0.0287,0.0334,0.0251,CASP-domain,T1137s4-D3,CASP:T1137s4
/content/drive/MyDrive/DIAFOLD/benchmark/CASP/T1137s5-D1.pdb,/content/drive/MyDrive/DIAFOLD/hh/part_0018_unrelaxed_rank_001_alphafold2_ptm_model_1_seed_000.pdb,137,390,137,1.46,0.993,0.92237,137,0.3076,0.3128,0.2635,CASP-domain,T1137s5-D1,CASP:T1137s5
/content/drive/MyDrive/DIAFOLD/benchmark/CASP/T1137s5-D2.pdb,/content/drive/MyDrive/DIAFOLD/hh/part_0018_unrelaxed_rank_001_alphafold2_ptm_model_1_seed_000.pdb,221,390,127,5.32,0.134,0.34812,221,0.1121,0.1391,0.0936,CASP-domain,T1137s5-D2,CASP:T1137s5
/content/drive/MyDrive/DIAFOLD/benchmark/CASP/T1137s6-D1.pdb,/content/drive/MyDrive/DIAFOLD/hh/part_0014_unrelaxed_rank_001_alphafold2_ptm_model_1_seed_000.pdb,151,518,149,2.07,0.819,0.87077,151,0.2156,0.235,0.1902,CASP-domain,T1137s6-D1,CASP:T1137s6
/content/drive/MyDrive/DIAFOLD/benchmark/CASP/T1137s6-D2.pdb,/content/drive/MyDrive/DIAFOLD/hh/part_0014_unrelaxed_rank_001_alphafold2_ptm_model_1_seed_000.pdb,248,518,100,3.17,0.84,0.33982,248,0.1328,0.1409,0.1062,CASP-domain,T1137s6-D2,CASP:T1137s6
/content/drive/MyDrive/DIAFOLD/benchmark/CASP/T1137s7-D1.pdb,/content/drive/MyDrive/DIAFOLD/hh/part_0021_unrelaxed_rank_001_alphafold2_ptm_model_1_seed_000.pdb,300,653,262,2.16,0.977,0.82541,300,0.3516,0.3492,0.2795,CASP-domain,T1137s7-D1,CASP:T1137s7
/content/drive/MyDrive/DIAFOLD/benchmark/CASP/T1137s8-D1.pdb,/content/drive/MyDrive/DIAFOLD/hh/part_0001_unrelaxed_rank_001_alphafold2_ptm_model_1_seed_000.pdb,251,266,251,1.17,1.0,0.96855,251,0.8713,0.8722,0.7246,CASP-domain,T1137s8-D1,CASP:T1137s8
/content/drive/MyDrive/DIAFOLD/benchmark/CASP/T1137s9-D1.pdb,/content/drive/MyDrive/DIAFOLD/hh/part_0038_unrelaxed_rank_001_alphafold2_ptm_model_1_seed_000.pdb,265,289,265,1.57,1.0,0.95588,265,0.8181,0.833,0.6851,CASP-domain,T1137s9-D1,CASP:T1137s9
/content/drive/MyDrive/DIAFOLD/benchmark/CASP/T1139-D1.pdb,/content/drive/MyDrive/DIAFOLD/hh/part_0022_unrelaxed_rank_001_alphafold2_ptm_model_1_seed_000.pdb,295,317,295,1.53,0.993,0.94823,295,0.794,0.7721,0.5868,CASP-domain,T1139-D1,CASP:T1139
/content/drive/MyDrive/DIAFOLD/benchmark/CASP/T1145-D1.pdb,/content/drive/MyDrive/DIAFOLD/hh/part_0011_unrelaxed_rank_001_alphafold2_ptm_model_1_seed_000.pdb,99,635,99,1.0,1.0,0.94643,99,0.1464,0.1476,0.1331,CASP-domain,T1145-D1,CASP:T1145
/content/drive/MyDrive/DIAFOLD/benchmark/CASP/T1145-D2.pdb,/content/drive/MyDrive/DIAFOLD/hh/part_0011_unrelaxed_rank_001_alphafold2_ptm_model_1_seed_000.pdb,529,635,527,2.05,0.998,0.94868,529,0.6751,0.6685,0.515,CASP-domain,T1145-D2,CASP:T1145
/content/drive/MyDrive/DIAFOLD/benchmark/CASP/T1150-D1.pdb,/content/drive/MyDrive/DIAFOLD/hh/part_0025_unrelaxed_rank_001_alphafold2_ptm_model_1_seed_000.pdb,349,370,349,1.03,1.0,0.97975,349,0.8829,0.8838,0.7838,CASP-domain,T1150-D1,CASP:T1150
/content/drive/MyDrive/DIAFOLD/benchmark/CASP/T1157s1-D1.pdb,/content/drive/MyDrive/DIAFOLD/hh/part_0006_unrelaxed_rank_001_alphafold2_ptm_model_1_seed_000.pdb,661,1029,646,2.76,0.955,0.92639,661,0.5297,0.5459,0.4563,CASP-domain,T1157s1-D1,CASP:T1157s1
/content/drive/MyDrive/DIAFOLD/benchmark/CASP/T1157s1-D2.pdb,/content/drive/MyDrive/DIAFOLD/hh/part_0006_unrelaxed_rank_001_alphafold2_ptm_model_1_seed_000.pdb,114,1029,98,2.61,0.857,0.71815,114,0.0555,0.0588,0.0454,CASP-domain,T1157s1-D2,CASP:T1157s1
/content/drive/MyDrive/DIAFOLD/benchmark/CASP/T1157s1-D3.pdb,/content/drive/MyDrive/DIAFOLD/hh/part_0006_unrelaxed_rank_001_alphafold2_ptm_model_1_seed_000.pdb,233,1029,182,3.9,0.808,0.59233,233,0.0874,0.094,0.0569,CASP-domain,T1157s1-D3,CASP:T1157s1
/content/drive/MyDrive/DIAFOLD/benchmark/CASP/T1157s2-D1.pdb,/content/drive/MyDrive/DIAFOLD/hh/part_0008_unrelaxed_rank_001_alphafold2_ptm_model_1_seed_000.pdb,106,495,106,1.0,1.0,0.93998,106,0.1995,0.198,0.1646,CASP-domain,T1157s2-D1,CASP:T1157s2
/content/drive/MyDrive/DIAFOLD/benchmark/CASP/T1157s2-D2.pdb,/content/drive/MyDrive/DIAFOLD/hh/part_0008_unrelaxed_rank_001_alphafold2_ptm_model_1_seed_000.pdb,217,495,216,2.95,0.935,0.80676,217,0.2559,0.3086,0.2308,CASP-domain,T1157s2-D2,CASP:T1157s2
/content/drive/MyDrive/DIAFOLD/benchmark/CASP/T1157s2-D3.pdb,/content/drive/MyDrive/DIAFOLD/hh/part_0008_unrelaxed_rank_001_alphafold2_ptm_model_1_seed_000.pdb,141,495,137,1.63,1.0,0.91316,141,0.2509,0.2636,0.2268,CASP-domain,T1157s2-D3,CASP:T1157s2
/content/drive/MyDrive/DIAFOLD/benchmark/CASP/T1180-D1.pdb,/content/drive/MyDrive/DIAFOLD/hh/part_0040_unrelaxed_rank_001_alphafold2_ptm_model_1_seed_000.pdb,381,404,241,1.61,0.992,0.61647,381,0.5561,0.5538,0.474,CASP-domain,T1180-D1,CASP:T1180
/content/drive/MyDrive/DIAFOLD/benchmark/CASP/T1188-D1.pdb,/content/drive/MyDrive/DIAFOLD/hh/part_0034_unrelaxed_rank_001_alphafold2_ptm_model_1_seed_000.pdb,573,630,573,0.96,0.998,0.98763,573,0.8539,0.8508,0.7429,CASP-domain,T1188-D1,CASP:T1188
/content/drive/MyDrive/DIAFOLD/benchmark/CASP/T1194-D1.pdb,/content/drive/MyDrive/DIAFOLD/hh/part_0002_unrelaxed_rank_001_alphafold2_ptm_model_1_seed_000.pdb,161,168,161,0.54,1.0,0.98779,161,0.9377,0.9479,0.8869,CASP-domain,T1194-D1,CASP:T1194
